{"cameraMode":{"drawMode":0,"name":"Shaded","section":"Shading Mode"},"sceneLighting":true,"audioPlay":false,"sceneViewState":{"showFog":true,"showMaterialUpdate":false,"showSkybox":true,"showFlares":true,"showImageEffects":true,"showParticleSystems":true},"in2DMode":false,"pivot":{"x":-1.0911693572998047,"y":-3.4536516666412355,"z":4.381338119506836},"rotation":{"x":0.1377323418855667,"y":0.6859124898910523,"z":-0.13462649285793305,"w":0.7017362713813782},"size":19.924968719482423,"orthographic":false}