{"cameraMode":{"drawMode":0,"name":"Shaded","section":"Shading Mode"},"sceneLighting":true,"audioPlay":false,"sceneViewState":{"showFog":true,"showMaterialUpdate":false,"showSkybox":true,"showFlares":true,"showImageEffects":true,"showParticleSystems":true},"in2DMode":false,"pivot":{"x":-10.465240478515625,"y":-3.5428717136383058,"z":8.316106796264649},"rotation":{"x":0.37726303935050967,"y":0.16262830793857575,"z":-0.06748328357934952,"w":0.9092260599136353},"size":6.469497203826904,"orthographic":false}